"Site ID","R statistic","P value","n"
"CF",NA,NA,"10"
"FB","-0.315723654587031","0.856746031746032","21"
"LS","0.307392840070685","0.183333333333333","8"
"AB","-0.622799155329218","0.875","8"
